{
  "token_acc":null,
  "spans_sc_p":0.9276649746,
  "spans_sc_r":0.9059844193,
  "spans_sc_f":0.9166965245,
  "speed":1081.459974877,
  "spans_sc_per_type":{
    "LOC":{
      "p":0.9314015376,
      "r":0.9442446043,
      "f":0.9377791009
    },
    "MISC":{
      "p":0.8316100443,
      "r":0.801994302,
      "f":0.8165337201
    },
    "PER":{
      "p":0.9732824427,
      "r":0.9461966605,
      "f":0.9595484478
    },
    "ORG":{
      "p":0.9194162437,
      "r":0.8723660446,
      "f":0.8952734013
    }
  }
}