{
  "token_acc":null,
  "spans_sc_p":0.8697102356,
  "spans_sc_r":0.7386685552,
  "spans_sc_f":0.7988511249,
  "speed":6284.4716462325,
  "spans_sc_per_type":{
    "LOC":{
      "p":0.8905537459,
      "r":0.8195443645,
      "f":0.8535747736
    },
    "PER":{
      "p":0.8850405306,
      "r":0.742733457,
      "f":0.8076664425
    },
    "ORG":{
      "p":0.8578088578,
      "r":0.6646598435,
      "f":0.7489823609
    },
    "MISC":{
      "p":0.8090614887,
      "r":0.7122507123,
      "f":0.7575757576
    }
  }
}