{
  "token_acc":1.0,
  "speed":7990.7708451472,
  "spans_sc_p":0.6713541667,
  "spans_sc_r":0.5592190889,
  "spans_sc_f":0.6101775148
}